<?xml version="1.0" encoding="UTF-8"?>
<project-private xmlns="http://www.netbeans.org/ns/project-private/1">
    <editor-bookmarks xmlns="http://www.netbeans.org/ns/editor-bookmarks/2" lastBookmarkId="0"/>
    <open-files xmlns="http://www.netbeans.org/ns/projectui-open-files/2">
        <group>
            <file>file:/E:/SD(Lab2)/BankingManagementSystem/BankingManagementSystem/src/Loading.java</file>
            <file>file:/E:/SD(Lab2)/BankingManagementSystem/BankingManagementSystem/src/Mypage.java</file>
            <file>file:/E:/SD(Lab2)/BankingManagementSystem/BankingManagementSystem/src/Acccount.java</file>
            <file>file:/E:/SD(Lab2)/BankingManagementSystem/BankingManagementSystem/src/authentication.java</file>
        </group>
    </open-files>
</project-private>
